,price,sold,url,title
0," 1,400",1,https://item.mercari.com/jp/m19696152629/,冬河様専用
1," 1,200",0,https://item.mercari.com/jp/m80187079963/,新品DVD■ファイティングオカン　送料無料
2," 1,160",1,https://item.mercari.com/jp/m34411699453/,まゆ様専用
3," 1,000",0,https://item.mercari.com/jp/m33164177557/,デザイン離婚届
4, 700,0,https://item.mercari.com/jp/m40853005145/,離婚届
5, 699,0,https://item.mercari.com/jp/m91888493669/,金米糖の降るところ/江国 香織
6, 690,1,https://item.mercari.com/jp/m59594797886/,m224様専用
7, 650,1,https://item.mercari.com/jp/m43288551258/,おもしろメモ帳 表紙有り 大量セット
8, 600,0,https://item.mercari.com/jp/m70971700642/,母親やめてもいいですか : 娘が発達障害と診断されて… : コミックエッセイ/…
9, 600,0,https://item.mercari.com/jp/m10154073367/,面白いメモ帳
10, 555,0,https://item.mercari.com/jp/m79662636102/,ファイルなし アンティーク調多め おすそわけ
11, 555,0,https://item.mercari.com/jp/m73283575035/,離婚届と婚姻届のセット
12, 555,0,https://item.mercari.com/jp/m84283992689/,離婚届 と 婚姻届 セット
13, 555,0,https://item.mercari.com/jp/m19475965066/,離婚届 2枚入り
14, 555,1,https://item.mercari.com/jp/m79126905125/,離婚届 2枚 入り
15, 555,0,https://item.mercari.com/jp/m89892123902/,離婚届 婚姻届 セット
16, 550,1,https://item.mercari.com/jp/m83208278058/,パロディメモ☆メモ帳☆婚姻届、離婚届、履歴書、領収書
17, 500,0,https://item.mercari.com/jp/m32728518383/,ドッキリファイル 婚姻届
18, 500,0,https://item.mercari.com/jp/m31953699684/,離婚届
19, 500,0,https://item.mercari.com/jp/m16918760147/,人に聞けない文書の書き方
20, 499,0,https://item.mercari.com/jp/m24498616083/,離婚届セット　記入例2種類※匿名配送
21, 499,0,https://item.mercari.com/jp/m11148351783/,離婚届セット(子供いる方用)※記入例３種類※匿名配送
22, 499,1,https://item.mercari.com/jp/m49975147547/,離婚届セット※記入例2種類※匿名配送
23, 499,1,https://item.mercari.com/jp/m17946538075/,離婚届セット※記入例2種類
24, 499,1,https://item.mercari.com/jp/m55051134731/,離婚届セット(子供いる方用)▽△記入例３種類※匿名配送
25, 499,1,https://item.mercari.com/jp/m96860866625/,離婚届セット(子供いる方用)　記入例３種類●匿名配送
26, 499,1,https://item.mercari.com/jp/m97522732228/,離婚届セット(子供いる方用)■記入例３種類■匿名配送
27, 499,1,https://item.mercari.com/jp/m52028245258/,離婚届セット(子供いる方用)▲記入例３種類▼匿名配送
28, 499,1,https://item.mercari.com/jp/m82256823524/,離婚届セット(子供いる方用)◆記入例３種類◆匿名配送
29, 450,0,https://item.mercari.com/jp/m74376528747/,離婚届 ファイル
30, 450,0,https://item.mercari.com/jp/m41429899279/,困ったときにすぐわかる離婚の知識と手続き 離婚届の書き方から裁判の申し立てまで…
31, 450,1,https://item.mercari.com/jp/m85650804806/,離婚届 クリアファイル⑧
32, 445,1,https://item.mercari.com/jp/m66894188213/,匿名；子供のいるかた　離婚届関連7枚セット
33, 399,0,https://item.mercari.com/jp/m62804172217/,バラメモ　パロディメモ　30枚
34, 395,1,https://item.mercari.com/jp/m99210593866/,離婚届、婚姻届、パスポート申請届
35, 380,0,https://item.mercari.com/jp/m97109060225/,[送料無料]離婚同意書　三枚
36, 380,0,https://item.mercari.com/jp/m21375853164/,金米糖の降るところ/江国 香織
37, 380,0,https://item.mercari.com/jp/m25352639147/,[送料込み]離婚同意書　三枚
38, 380,0,https://item.mercari.com/jp/m28436790251/,「ファミレス」重松清 上下 セット
39, 380,0,https://item.mercari.com/jp/m30328646455/,[送料込]離婚同意書　三枚
40, 380,1,https://item.mercari.com/jp/m75343356673/,[送料無料]離婚同意書・届　三枚
41, 380,1,https://item.mercari.com/jp/m81997668629/,[送料込み]離婚同意書　3枚
42, 380,1,https://item.mercari.com/jp/m98225745455/,匿名発送 離婚届（お子さんいる方用）
43, 380,0,https://item.mercari.com/jp/m89298291941/,[送料込み]離婚同意書
44, 370,0,https://item.mercari.com/jp/m54787396625/,【送料込み】離婚同意書　三枚
45, 370,0,https://item.mercari.com/jp/m81539566879/,[送料込み]離婚同意書　三枚
46, 350,0,https://item.mercari.com/jp/m65106474318/,離婚届それに関する書類 Ａ４クリアファイル
47, 350,0,https://item.mercari.com/jp/m27251462810/,離婚届け
48, 333,0,https://item.mercari.com/jp/m37662222673/,離婚届
49, 333,1,https://item.mercari.com/jp/m19632611950/,パロディメモ二冊
50, 333,0,https://item.mercari.com/jp/m24635074829/,メモ帳たち♡たっぷり100枚
51, 333,1,https://item.mercari.com/jp/m30144821701/,離婚届 2枚入り
52, 333,1,https://item.mercari.com/jp/m50109472357/,ミニチュア★いろんな届出セット
53, 313,0,https://item.mercari.com/jp/m46984495641/,☆ ミニチュア （届出セット） ☆
54, 300,0,https://item.mercari.com/jp/m69301755776/,離婚届セット(子供いる方用)▲▲記入例３種類
55, 300,0,https://item.mercari.com/jp/m56284959620/,離婚届セット(子供いる方用)●●記入例３種類
56, 300,1,https://item.mercari.com/jp/m78921267485/,離婚届セット(子供いる方用)□記入例３種類
57, 300,1,https://item.mercari.com/jp/m96043497546/,離婚届 一式【即購入OK・送料込】
58, 300,1,https://item.mercari.com/jp/m57781660513/,離婚届セット(子供いる方用)◐記入例３種類
59, 300,1,https://item.mercari.com/jp/m42005778078/,離婚届セット(子供いる方用)＊記入例３種類
60, 300,1,https://item.mercari.com/jp/m43554954163/,離婚届セット(子供いる方用)★記入例３種類
61, 300,1,https://item.mercari.com/jp/m84996371769/,離婚届セット(子供いる方用)◎記入例３種類
62, 300,1,https://item.mercari.com/jp/m94162084539/,離婚届セット(子供いる方用)△記入例３種類
63, 300,1,https://item.mercari.com/jp/m27398053552/,離婚届セット(子供いる方用)◆記入例３種類
64, 300,1,https://item.mercari.com/jp/m28381341713/,離婚届セット(子供いる方用)▼記入例３種類
65, 300,0,https://item.mercari.com/jp/m60593993741/,離婚届セット(子供いる方用)◯記入例３種類
66, 300,1,https://item.mercari.com/jp/m57084300230/,離婚届二枚と記入例
67, 300,1,https://item.mercari.com/jp/m74134124299/,離婚届セット(子供いる方用)▽記入例３種類
68, 300,0,https://item.mercari.com/jp/m11168012344/,離婚届セット▲記入例2種類
69, 300,1,https://item.mercari.com/jp/m64676736527/,離婚届セット(子供いる方用)■記入例３種類
70, 300,0,https://item.mercari.com/jp/m27723321928/,離婚届セット(子供いる方用)※記入例３種類
71, 300,0,https://item.mercari.com/jp/m75976533884/,離婚届（正規品） セット
72, 300,1,https://item.mercari.com/jp/m17600101810/,離婚届セット(子供いる方用)▷記入例３種類
73, 300,1,https://item.mercari.com/jp/m11103870225/,離婚届セット(子供いる方用)◁記入例３種類
74, 300,1,https://item.mercari.com/jp/m19025487375/,離婚届セット(子供いる方用)⇧記入例３種類
75, 300,1,https://item.mercari.com/jp/m82837589325/,離婚届セット(子供いる方用)◑記入例３種類
76, 300,1,https://item.mercari.com/jp/m38046166900/,離婚届セット(子供いる方用)△記入例３種類■
77, 300,1,https://item.mercari.com/jp/m69775772054/,離婚届セット(子供いる方用)▲記入例３種類
78, 300,1,https://item.mercari.com/jp/m86452594334/,離婚届 一式【即購入OK・送料込】
79, 300,1,https://item.mercari.com/jp/m35148031914/,離婚届セット(子供いる方用)▼記入例３種類
80, 300,1,https://item.mercari.com/jp/m70224641943/,離婚届セット(子供いる方用)◇記入例３種類
81, 300,1,https://item.mercari.com/jp/m19172820825/,離婚届セット▽記入例2種類
82, 300,1,https://item.mercari.com/jp/m72830217542/,離婚届セット●記入例2種類
83, 300,0,https://item.mercari.com/jp/m84975882323/,離婚届
84, 300,1,https://item.mercari.com/jp/m88283327688/,離婚届セット(子供いる方用)◁記入例３種類
85, 300,1,https://item.mercari.com/jp/m50986232358/,離婚届セット(子供いる方用)△記入例３種類
86, 300,1,https://item.mercari.com/jp/m62706679033/,離婚届セット◆記入例2種類
87, 300,1,https://item.mercari.com/jp/m96093586425/,離婚届セット(子供いる方用)▷記入例３種類
88, 300,0,https://item.mercari.com/jp/m75340858836/,離婚届及び関する書類(定形最大サイズ長3封筒)
89, 300,1,https://item.mercari.com/jp/m47258075895/,離婚届セット(子供いる方用)□記入例３種類
90, 300,1,https://item.mercari.com/jp/m15039363989/,離婚届セット(子供いる方用)▽記入例３種類
91, 300,1,https://item.mercari.com/jp/m70721732213/,離婚届 2セット 見本つきです
92, 300,1,https://item.mercari.com/jp/m71018384687/,離婚届セット(子供いる方用)※記入例３種類
93, 300,1,https://item.mercari.com/jp/m44199539166/,離婚届セット(子供いる方用)◎記入例３種類
94, 300,1,https://item.mercari.com/jp/m75590975102/,離婚届セット(子供いる方用)◯記入例３種類
95, 300,1,https://item.mercari.com/jp/m63295798179/,離婚届セット(子供いる方用)〓記入例３種類
96, 300,1,https://item.mercari.com/jp/m17411516088/,離婚届セット(子供いる方用)▲▽記入例３種類
97, 300,0,https://item.mercari.com/jp/m42191961847/,離婚届
98, 300,1,https://item.mercari.com/jp/m18436843985/,離婚届セット(子供いる方用)◆記入例３種類
99, 300,1,https://item.mercari.com/jp/m17452854593/,離婚届セット(子供いる方用)●記入例３種類
100, 300,1,https://item.mercari.com/jp/m92735316855/,離婚届セット(子供いる方用)▲▼記入例３種類
101, 300,1,https://item.mercari.com/jp/m20905658089/,離婚届セット※(子供いる方用)※記入例３種類
102, 300,1,https://item.mercari.com/jp/m28042028403/,離婚届セット■記入例2種類
103, 300,1,https://item.mercari.com/jp/m83549841651/,離婚届（正規品） セット
104, 300,1,https://item.mercari.com/jp/m60883692452/,離婚届セット(子供いる方用)＊記入例３種類
105, 300,1,https://item.mercari.com/jp/m22894369709/,離婚届セット▷(子供いる方用)◁記入例３種類
106, 300,1,https://item.mercari.com/jp/m28700835354/,離婚届セット□記入例2種類□
107, 300,1,https://item.mercari.com/jp/m68290557797/,離婚届セット(子供いる方用)■記入例３種類■
108, 300,1,https://item.mercari.com/jp/m53065917281/,離婚届セット※記入例2種類
109, 300,1,https://item.mercari.com/jp/m75499599379/,離婚届セット●(子供いる方用)●記入例３種類
110, 300,1,https://item.mercari.com/jp/m48725839665/,離婚届セット(子供いる方用)◆記入例３種類
111, 300,1,https://item.mercari.com/jp/m60111559669/,離婚届（正規品） セット
112, 300,1,https://item.mercari.com/jp/m15629689055/,離婚届セット(子供いる方用)◇記入例３種類
113, 300,1,https://item.mercari.com/jp/m53384401948/,離婚届セット▲(子供いる方用)▼記入例３種類
114, 300,1,https://item.mercari.com/jp/m93852734008/,離婚届セット(子供いる方用)△▽記入例３種類
115, 300,1,https://item.mercari.com/jp/m50433850783/,離婚届セット(子供いる方用)▽■記入例３種類
116, 300,1,https://item.mercari.com/jp/m63007109885/,離婚届セット■記入例2種類○
117, 300,1,https://item.mercari.com/jp/m94311136567/,離婚届セット(子供いる方用)■▷記入例３種類
118, 300,1,https://item.mercari.com/jp/m58841289526/,離婚届セット(子供いる方用)△記入例３種類▽
119, 300,1,https://item.mercari.com/jp/m79252424075/,離婚届セット(子供いる方用)★記入例３種類
120, 300,1,https://item.mercari.com/jp/m77542599771/,離婚届セット(子供いる方用)▲▼記入例３種類
121, 300,1,https://item.mercari.com/jp/m35671003921/,離婚届セット▷記入例2種類◁
122, 300,1,https://item.mercari.com/jp/m78466073079/,離婚届セット※記入例2種類※
123, 300,1,https://item.mercari.com/jp/m58996082363/,離婚届セット(子供いる方用)※記入例３種類○
124, 300,1,https://item.mercari.com/jp/m95704755841/,離婚届セット(子供いる方用)※記入例３種類※
125, 300,1,https://item.mercari.com/jp/m75045515077/,離婚届セット▷◁記入例2種類
126, 300,1,https://item.mercari.com/jp/m27621365933/,離婚届セット(子供いる方用)◁▷記入例３種類
127, 300,1,https://item.mercari.com/jp/m69599724932/,離婚届セット▲記入例2種類▼
128, 300,1,https://item.mercari.com/jp/m88863129305/,離婚届セット(子供いる方用)□記入例３種類□
129, 300,1,https://item.mercari.com/jp/m38954609792/,離婚届セット(子供いる方用)★記入例３種類★
130, 300,1,https://item.mercari.com/jp/m69362151439/,離婚届及び関する書類（Ａ４ファイル梱包）
131, 300,1,https://item.mercari.com/jp/m16288735682/,離婚届
132, 300,1,https://item.mercari.com/jp/m21095126129/,離婚届 2枚入り
133, 300,1,https://item.mercari.com/jp/m20086640256/,離婚届
134, 300,1,https://item.mercari.com/jp/m49282484374/,離婚届 記入例付
135, 300,1,https://item.mercari.com/jp/m97654870337/,離婚届２枚　　全国市町村共通シートA3
136, 300,1,https://item.mercari.com/jp/m30839712917/,離婚届　～２枚　　　書き方
137, 300,0,https://item.mercari.com/jp/m47239182432/,離婚届 基本セット
138, 300,1,https://item.mercari.com/jp/m74691408037/,離婚届　２枚　～　書き方　　全国市町村きょうつう
139, 300,1,https://item.mercari.com/jp/m45104088162/,離婚届セット
